Movie Id,Title,Genre,Year,Url
187595,Solo: A Star Wars Story,Action,2018,"https://m.media-amazon.com/images/M/MV5BOTM2NTI3NTc3Nl5BMl5BanBnXkFtZTgwNzM1OTQyNTM@._V1_UX182_CR0,0,182,268_AL_.jpg"
187593,Deadpool 2,Action,2018,"https://m.media-amazon.com/images/M/MV5BNjk1Njk3YjctMmMyYS00Y2I4LThhMzktN2U0MTMyZTFlYWQ5XkEyXkFqcGdeQXVyODM2ODEzMDA@._V1_UY268_CR43,0,182,268_AL_.jpg"
187541,Incredibles 2,Action,2018,"https://m.media-amazon.com/images/M/MV5BMTEzNzY0OTg0NTdeQTJeQWpwZ15BbWU4MDU3OTg3MjUz._V1_UX182_CR0,0,182,268_AL_.jpg"
187031,Jurassic World: Fallen Kingdom,Action,2018,"https://m.media-amazon.com/images/M/MV5BNzIxMjYwNDEwN15BMl5BanBnXkFtZTgwMzk5MDI3NTM@._V1_UX182_CR0,0,182,268_AL_.jpg"
183011,The Commuter,Crime,2018,"https://m.media-amazon.com/images/M/MV5BMTc0NDg1MjI4OV5BMl5BanBnXkFtZTgwMDIwMTEwNDI@._V1_UX182_CR0,0,182,268_AL_.jpg"
175475,The Emoji Movie,Animation,2017,"https://m.media-amazon.com/images/M/MV5BMTkzMzM3OTM2Ml5BMl5BanBnXkFtZTgwMDM0NDU3MjI@._V1_UX182_CR0,0,182,268_AL_.jpg"
170957,Cars 3,Adventure,2017,"https://m.media-amazon.com/images/M/MV5BMTc0NzU2OTYyN15BMl5BanBnXkFtZTgwMTkwOTg2MTI@._V1_UX182_CR0,0,182,268_AL_.jpg"
179135,Blue Planet II,Documentary,2017,"https://m.media-amazon.com/images/M/MV5BYjg2ODk0MjUtNmMzZS00MjY0LWI1YWMtN2JhMjRmZGUwY2I3XkEyXkFqcGdeQXVyMTMxODk2OTU@._V1_UY268_CR4,0,182,268_AL_.jpg"
148888,Zoolander 2,Comedy,2016,"https://m.media-amazon.com/images/M/MV5BMjI2MjQxNTQzOV5BMl5BanBnXkFtZTgwMDE2MTY2NzE@._V1_UX182_CR0,0,182,268_AL_.jpg"
164909,La La Land,Comedy,2016,"https://m.media-amazon.com/images/M/MV5BMzUzNDM2NzM2MV5BMl5BanBnXkFtZTgwNTM3NTg4OTE@._V1_UX182_CR0,0,182,268_AL_.jpg"
